                  epoch,         train/box_loss,         train/cls_loss,         train/dfl_loss,   metrics/precision(B),      metrics/recall(B),       metrics/mAP50(B),    metrics/mAP50-95(B),           val/box_loss,           val/cls_loss,           val/dfl_loss,                 lr/pg0,                 lr/pg1,                 lr/pg2
                      1,                 6.5381,                 5.6965,                 4.2369,                0.00016,                0.00183,                0.00012,                  2e-05,                    nan,                    nan,                    nan,             0.00012861,             0.00012861,             0.00012861
                      2,                 6.3282,                 5.7321,                 4.0746,                0.00017,                0.00183,                  9e-05,                  1e-05,                    nan,                    nan,                    nan,             0.00027017,             0.00027017,             0.00027017
                      3,                 5.1773,                 4.5971,                 3.4481,                0.00017,                0.00183,                 0.0001,                  2e-05,                    nan,                    nan,                    nan,             0.00041031,             0.00041031,             0.00041031
                      4,                 3.7479,                  3.196,                 2.9625,                0.00041,                0.00183,                0.00024,                  4e-05,                    nan,                    nan,                    nan,             0.00054903,             0.00054903,             0.00054903
                      5,                 3.2681,                 2.4581,                   2.41,                0.00041,                0.00183,                0.00023,                  4e-05,                    nan,                    nan,                    nan,             0.00068635,             0.00068635,             0.00068635
                      6,                  2.865,                  2.288,                   2.01,                0.00048,                0.00183,                0.00028,                  5e-05,                    nan,                    nan,                    nan,             0.00082224,             0.00082224,             0.00082224
                      7,                 2.6327,                 2.0136,                 1.7303,                0.00049,                0.00183,                0.00027,                  4e-05,                    nan,                    nan,                    nan,             0.00095673,             0.00095673,             0.00095673
                      8,                 2.4501,                 1.8774,                 1.5874,                0.00051,                0.00183,                 0.0003,                  5e-05,                    nan,                    nan,                    nan,              0.0010898,              0.0010898,              0.0010898
                      9,                 2.2808,                 1.7702,                 1.4138,                0.00056,                0.00183,                0.00032,                  5e-05,                    nan,                    nan,                    nan,              0.0012214,              0.0012214,              0.0012214
                     10,                  2.079,                 1.6472,                 1.3451,                0.00056,                0.00183,                0.00032,                  5e-05,                    nan,                    nan,                    nan,              0.0013517,              0.0013517,              0.0013517
                     11,                 1.9729,                 1.6047,                 1.2824,                0.00056,                0.00183,                0.00031,                  5e-05,                    nan,                    nan,                    nan,              0.0013583,              0.0013583,              0.0013583
                     12,                 1.7997,                 1.4633,                 1.2228,                0.01232,                0.05406,                0.02386,                0.00744,                    nan,                    nan,                    nan,              0.0013512,              0.0013512,              0.0013512
                     13,                 1.6621,                 1.3616,                 1.1751,                0.33353,                 0.0553,                0.07694,                0.02896,                    nan,                    nan,                    nan,              0.0013441,              0.0013441,              0.0013441
                     14,                 1.6597,                 1.3098,                 1.1687,                0.36732,                0.08497,                0.11685,                0.04688,                    nan,                    nan,                    nan,               0.001337,               0.001337,               0.001337
                     15,                 1.6135,                 1.2373,                 1.1274,                0.37405,                  0.111,                0.13346,                0.06462,                    nan,                    nan,                    nan,                0.00133,                0.00133,                0.00133
                     16,                  1.578,                   1.25,                 1.1235,                0.46115,                 0.1728,                0.15468,                0.09245,                    nan,                    nan,                    nan,              0.0013229,              0.0013229,              0.0013229
                     17,                 1.5678,                 1.2334,                 1.0967,                0.40811,                0.17544,                 0.1652,                0.08728,                    nan,                    nan,                    nan,              0.0013158,              0.0013158,              0.0013158
                     18,                 1.5255,                 1.1626,                 1.1006,                0.39528,                0.15155,                0.17619,                0.08666,                    nan,                    nan,                    nan,              0.0013087,              0.0013087,              0.0013087
                     19,                 1.4909,                 1.1364,                 1.0774,                0.52409,                0.23043,                0.22654,                0.12682,                    nan,                    nan,                    nan,              0.0013017,              0.0013017,              0.0013017
                     20,                 1.5057,                 1.0868,                 1.0858,                0.47613,                 0.2261,                0.22243,                0.11792,                    nan,                    nan,                    nan,              0.0012946,              0.0012946,              0.0012946
                     21,                 1.4494,                 1.0712,                 1.0721,                0.51074,                0.23255,                0.23976,                0.12643,                    nan,                    nan,                    nan,              0.0012875,              0.0012875,              0.0012875
                     22,                 1.3917,                 1.0504,                 1.0507,                0.64484,                0.23351,                0.25252,                0.13644,                    nan,                    nan,                    nan,              0.0012805,              0.0012805,              0.0012805
                     23,                  1.367,                0.98052,                 1.0365,                0.51351,                0.22467,                0.24257,                0.13944,                    nan,                    nan,                    nan,              0.0012734,              0.0012734,              0.0012734
                     24,                 1.3229,                0.95812,                 1.0297,                0.73166,                0.23854,                0.25948,                0.15693,                    nan,                    nan,                    nan,              0.0012663,              0.0012663,              0.0012663
                     25,                 1.2692,                0.92597,                  1.017,                0.56882,                0.24706,                0.27009,                0.16021,                    nan,                    nan,                    nan,              0.0012592,              0.0012592,              0.0012592
                     26,                 1.3419,                0.92134,                 1.0157,                0.58017,                0.22966,                 0.2527,                0.15125,                    nan,                    nan,                    nan,              0.0012522,              0.0012522,              0.0012522
                     27,                 1.2366,                0.93843,                 1.0134,                0.62153,                0.23913,                0.27347,                 0.1809,                    nan,                    nan,                    nan,              0.0012451,              0.0012451,              0.0012451
                     28,                 1.2665,                0.92206,                0.99195,                0.68385,                0.23398,                0.25823,                0.16078,                    nan,                    nan,                    nan,               0.001238,               0.001238,               0.001238
                     29,                 1.2723,                0.91055,                 1.0147,                0.57686,                0.25417,                0.26251,                0.16299,                    nan,                    nan,                    nan,              0.0012309,              0.0012309,              0.0012309
                     30,                 1.1498,                0.85285,                 0.9883,                0.69685,                0.26573,                0.27912,                0.17813,                    nan,                    nan,                    nan,              0.0012239,              0.0012239,              0.0012239
                     31,                 1.1557,                0.83857,                0.98505,                0.73012,                0.26532,                0.29684,                0.18066,                    nan,                    nan,                    nan,              0.0012168,              0.0012168,              0.0012168
                     32,                 1.2411,                0.83549,                0.97611,                0.69065,                0.27575,                0.29557,                 0.1795,                    nan,                    nan,                    nan,              0.0012097,              0.0012097,              0.0012097
                     33,                 1.2559,                0.85516,                 1.0019,                0.53096,                0.22889,                0.25676,                0.15363,                    nan,                    nan,                    nan,              0.0012026,              0.0012026,              0.0012026
                     34,                 1.3065,                0.84239,                 1.0023,                0.63718,                0.25179,                0.27149,                0.17007,                    nan,                    nan,                    nan,              0.0011956,              0.0011956,              0.0011956
                     35,                 1.1858,                0.79974,                0.96921,                0.73451,                0.27006,                0.31123,                0.18659,                    nan,                    nan,                    nan,              0.0011885,              0.0011885,              0.0011885
                     36,                 1.1397,                0.79778,                0.96679,                0.76189,                0.26573,                0.28841,                0.18309,                    nan,                    nan,                    nan,              0.0011814,              0.0011814,              0.0011814
                     37,                 1.1552,                0.79412,                 0.9688,                0.69893,                0.27731,                0.32787,                0.21117,                    nan,                    nan,                    nan,              0.0011744,              0.0011744,              0.0011744
                     38,                 1.1521,                0.78334,                0.97015,                0.75283,                0.27587,                0.31313,                0.20043,                    nan,                    nan,                    nan,              0.0011673,              0.0011673,              0.0011673
                     39,                 1.1298,                0.75998,                0.97514,                0.69005,                0.23971,                 0.3121,                0.21306,                    nan,                    nan,                    nan,              0.0011602,              0.0011602,              0.0011602
                     40,                 1.1619,                0.78465,                0.95816,                0.73828,                0.28328,                0.32715,                 0.2139,                    nan,                    nan,                    nan,              0.0011531,              0.0011531,              0.0011531
                     41,                 1.1487,                0.76446,                0.97804,                 0.7481,                0.27379,                0.31764,                0.19927,                    nan,                    nan,                    nan,              0.0011461,              0.0011461,              0.0011461
                     42,                 1.1145,                0.71782,                0.96531,                0.73112,                0.28801,                0.33345,                0.22953,                    nan,                    nan,                    nan,               0.001139,               0.001139,               0.001139
                     43,                 1.0613,                0.72318,                0.94093,                 0.7901,                0.28294,                0.34656,                0.22863,                    nan,                    nan,                    nan,              0.0011319,              0.0011319,              0.0011319
                     44,                 1.1545,                0.76837,                0.95703,                0.88193,                  0.271,                0.33486,                0.21787,                    nan,                    nan,                    nan,              0.0011248,              0.0011248,              0.0011248
                     45,                 1.0369,                0.68405,                0.95402,                0.77461,                0.27609,                0.32102,                0.21391,                    nan,                    nan,                    nan,              0.0011178,              0.0011178,              0.0011178
                     46,                 1.0603,                0.72573,                0.95859,                 0.7278,                 0.2809,                0.33763,                0.23001,                    nan,                    nan,                    nan,              0.0011107,              0.0011107,              0.0011107
                     47,                 1.1912,                0.78349,                0.96585,                0.69757,                 0.2761,                0.33548,                0.22376,                    nan,                    nan,                    nan,              0.0011036,              0.0011036,              0.0011036
                     48,                0.99737,                0.67292,                0.95128,                0.83845,                0.29514,                0.36404,                0.24641,                    nan,                    nan,                    nan,              0.0010965,              0.0010965,              0.0010965
                     49,                 1.0048,                0.65417,                0.93644,                0.70223,                0.28199,                0.35242,                 0.2448,                    nan,                    nan,                    nan,              0.0010895,              0.0010895,              0.0010895
                     50,                0.99655,                0.69106,                0.94543,                0.81692,                 0.2887,                0.33906,                0.22426,                    nan,                    nan,                    nan,              0.0010824,              0.0010824,              0.0010824
                     51,                 1.0765,                0.68035,                0.94051,                 0.7857,                0.28004,                0.35487,                0.23868,                    nan,                    nan,                    nan,              0.0010753,              0.0010753,              0.0010753
                     52,                 1.0402,                0.67513,                0.94517,                0.80999,                0.28758,                0.36006,                0.24215,                    nan,                    nan,                    nan,              0.0010682,              0.0010682,              0.0010682
                     53,                0.95797,                0.63312,                0.92295,                0.84583,                0.28119,                0.35243,                0.23874,                    nan,                    nan,                    nan,              0.0010612,              0.0010612,              0.0010612
                     54,                 1.0153,                0.68047,                0.94188,                0.85113,                0.28653,                0.36131,                0.24737,                    nan,                    nan,                    nan,              0.0010541,              0.0010541,              0.0010541
                     55,                 1.0211,                0.68541,                0.95307,                0.70645,                0.28311,                0.35385,                0.21896,                    nan,                    nan,                    nan,               0.001047,               0.001047,               0.001047
                     56,                 1.0033,                0.66335,                0.94807,                0.84479,                0.28575,                0.29641,                0.19887,                    nan,                    nan,                    nan,                0.00104,                0.00104,                0.00104
                     57,                 1.0079,                0.65063,                0.94351,                0.89995,                0.28651,                0.37297,                0.25193,                    nan,                    nan,                    nan,              0.0010329,              0.0010329,              0.0010329
                     58,                0.94016,                0.62018,                0.91842,                0.70046,                0.28354,                 0.3529,                0.24049,                    nan,                    nan,                    nan,              0.0010258,              0.0010258,              0.0010258
                     59,                0.99796,                  0.646,                0.93831,                  0.895,                0.28839,                0.37168,                0.26134,                    nan,                    nan,                    nan,              0.0010187,              0.0010187,              0.0010187
                     60,                0.98906,                 0.6374,                0.92954,                 0.7025,                0.29249,                0.35259,                0.23991,                    nan,                    nan,                    nan,              0.0010117,              0.0010117,              0.0010117
                     61,                0.98986,                0.68144,                0.92768,                 0.9149,                0.29031,                0.36428,                 0.2484,                    nan,                    nan,                    nan,              0.0010046,              0.0010046,              0.0010046
                     62,                 0.9594,                0.64884,                 0.9232,                0.75532,                 0.2931,                0.37503,                0.26535,                    nan,                    nan,                    nan,             0.00099751,             0.00099751,             0.00099751
                     63,                0.90115,                0.62593,                0.91809,                0.84358,                0.29655,                0.36352,                0.24995,                    nan,                    nan,                    nan,             0.00099044,             0.00099044,             0.00099044
                     64,                0.97215,                0.63343,                0.93173,                0.67687,                0.28867,                0.37114,                0.24652,                    nan,                    nan,                    nan,             0.00098337,             0.00098337,             0.00098337
                     65,                 1.0735,                 0.6512,                0.93497,                0.84335,                0.30307,                0.37493,                0.26395,                    nan,                    nan,                    nan,             0.00097629,             0.00097629,             0.00097629
                     66,                0.96776,                0.60078,                0.91271,                0.81682,                0.30388,                0.37107,                0.24714,                    nan,                    nan,                    nan,             0.00096922,             0.00096922,             0.00096922
                     67,                0.93334,                0.60403,                0.92557,                0.87756,                0.29819,                0.38575,                0.26672,                    nan,                    nan,                    nan,             0.00096215,             0.00096215,             0.00096215
                     68,                 0.9464,                0.62959,                 0.9197,                0.83049,                0.30554,                0.38111,                0.26223,                    nan,                    nan,                    nan,             0.00095507,             0.00095507,             0.00095507
                     69,                0.93612,                0.60818,                0.90865,                0.91766,                 0.2945,                0.32915,                0.23234,                    nan,                    nan,                    nan,               0.000948,               0.000948,               0.000948
                     70,                0.93249,                0.57469,                0.91632,                0.76572,                 0.3012,                0.38382,                0.26926,                    nan,                    nan,                    nan,             0.00094093,             0.00094093,             0.00094093
                     71,                0.99013,                0.63585,                0.92395,                0.89544,                0.29177,                 0.3986,                0.28377,                    nan,                    nan,                    nan,             0.00093385,             0.00093385,             0.00093385
                     72,                0.87979,                0.56219,                0.89555,                0.86323,                0.28531,                 0.3783,                0.26259,                    nan,                    nan,                    nan,             0.00092678,             0.00092678,             0.00092678
                     73,                 0.9636,                0.61168,                0.90639,                0.89016,                0.30651,                0.39623,                0.27985,                    nan,                    nan,                    nan,              0.0009197,              0.0009197,              0.0009197
                     74,                0.92437,                0.62057,                 0.9056,                 0.8188,                 0.2802,                0.38451,                0.26182,                    nan,                    nan,                    nan,             0.00091263,             0.00091263,             0.00091263
                     75,                 0.8967,                0.59317,                0.92394,                0.90179,                0.30178,                0.38357,                0.26065,                    nan,                    nan,                    nan,             0.00090556,             0.00090556,             0.00090556
                     76,                0.88679,                0.57427,                0.91338,                0.73354,                0.29388,                0.36954,                0.26381,                    nan,                    nan,                    nan,             0.00089848,             0.00089848,             0.00089848
                     77,                0.85936,                0.57818,                0.90484,                0.88047,                0.29995,                0.38983,                0.28105,                    nan,                    nan,                    nan,             0.00089141,             0.00089141,             0.00089141
                     78,                0.88597,                0.55433,                0.91354,                 0.8593,                0.29688,                0.39426,                0.28048,                    nan,                    nan,                    nan,             0.00088434,             0.00088434,             0.00088434
                     79,                0.95143,                0.58713,                0.92486,                0.79731,                0.29921,                0.37225,                0.25653,                    nan,                    nan,                    nan,             0.00087726,             0.00087726,             0.00087726
                     80,                0.90297,                0.56065,                0.91432,                0.87745,                0.30871,                0.36587,                0.25517,                    nan,                    nan,                    nan,             0.00087019,             0.00087019,             0.00087019
                     81,                0.88213,                0.56788,                0.91523,                0.92287,                0.30249,                0.36033,                0.25258,                    nan,                    nan,                    nan,             0.00086312,             0.00086312,             0.00086312
                     82,                 0.8985,                0.57515,                0.91762,                 0.8498,                0.30426,                0.40247,                0.28431,                    nan,                    nan,                    nan,             0.00085604,             0.00085604,             0.00085604
                     83,                0.86686,                0.57716,                0.90465,                0.84167,                0.30231,                0.40047,                 0.2917,                    nan,                    nan,                    nan,             0.00084897,             0.00084897,             0.00084897
                     84,                0.83464,                0.52154,                0.90683,                 0.7543,                0.31297,                0.38744,                0.27841,                    nan,                    nan,                    nan,              0.0008419,              0.0008419,              0.0008419
                     85,                0.85575,                0.54424,                  0.916,                0.90068,                0.29153,                0.39563,                0.26745,                    nan,                    nan,                    nan,             0.00083482,             0.00083482,             0.00083482
                     86,                0.85264,                0.54783,                0.89236,                 0.8857,                0.30949,                0.40914,                0.28628,                    nan,                    nan,                    nan,             0.00082775,             0.00082775,             0.00082775
                     87,                0.87465,                0.56775,                0.90072,                0.82724,                0.31711,                0.40417,                 0.2855,                    nan,                    nan,                    nan,             0.00082067,             0.00082067,             0.00082067
                     88,                0.87298,                0.56521,                 0.9026,                0.83076,                0.31264,                0.38158,                0.27296,                    nan,                    nan,                    nan,              0.0008136,              0.0008136,              0.0008136
                     89,                 0.8545,                0.55251,                 0.8969,                0.78918,                0.30399,                0.41007,                0.29305,                    nan,                    nan,                    nan,             0.00080653,             0.00080653,             0.00080653
                     90,                0.83808,                0.52952,                0.89804,                0.89524,                0.29096,                0.40064,                0.27099,                    nan,                    nan,                    nan,             0.00079945,             0.00079945,             0.00079945
                     91,                0.91996,                0.56086,                0.91334,                0.82703,                0.31342,                0.40966,                0.28598,                    nan,                    nan,                    nan,             0.00079238,             0.00079238,             0.00079238
                     92,                 0.8481,                0.56016,                0.90165,                0.81871,                0.29952,                0.39768,                0.28259,                    nan,                    nan,                    nan,             0.00078531,             0.00078531,             0.00078531
                     93,                0.80319,                0.52186,                0.88881,                0.90995,                0.29663,                0.41102,                0.30156,                    nan,                    nan,                    nan,             0.00077823,             0.00077823,             0.00077823
                     94,                0.85731,                0.53951,                0.88925,                0.88656,                0.31673,                0.42287,                0.29869,                    nan,                    nan,                    nan,             0.00077116,             0.00077116,             0.00077116
                     95,                0.82002,                0.51707,                0.88386,                0.94213,                0.30482,                0.37925,                0.27175,                    nan,                    nan,                    nan,             0.00076409,             0.00076409,             0.00076409
                     96,                0.86323,                 0.5447,                0.89763,                0.87292,                0.30354,                0.39223,                0.27708,                    nan,                    nan,                    nan,             0.00075701,             0.00075701,             0.00075701
                     97,                0.80372,                 0.5217,                0.88236,                0.88623,                 0.3102,                0.38595,                0.28328,                    nan,                    nan,                    nan,             0.00074994,             0.00074994,             0.00074994
                     98,                0.84761,                0.53007,                0.88651,                0.82553,                0.30442,                0.41081,                0.29544,                    nan,                    nan,                    nan,             0.00074287,             0.00074287,             0.00074287
                     99,                0.82709,                0.52461,                0.88959,                0.87774,                0.30753,                0.40966,                0.30028,                    nan,                    nan,                    nan,             0.00073579,             0.00073579,             0.00073579
                    100,                0.79346,                0.52035,                0.89239,                0.86237,                0.30266,                0.40549,                 0.2982,                    nan,                    nan,                    nan,             0.00072872,             0.00072872,             0.00072872
                    101,                 0.8004,                0.52373,                0.88468,                0.88256,                0.31389,                0.41054,                0.30292,                    nan,                    nan,                    nan,             0.00072164,             0.00072164,             0.00072164
                    102,                0.80359,                0.51923,                0.88679,                0.81672,                 0.2833,                0.33407,                0.24339,                    nan,                    nan,                    nan,             0.00071457,             0.00071457,             0.00071457
                    103,                0.79913,                0.52719,                0.89522,                0.85296,                0.31686,                0.42081,                0.31032,                    nan,                    nan,                    nan,              0.0007075,              0.0007075,              0.0007075
                    104,                0.80867,                0.51815,                0.89501,                0.90731,                0.31378,                0.41921,                0.29832,                    nan,                    nan,                    nan,             0.00070042,             0.00070042,             0.00070042
                    105,                0.80356,                0.52749,                0.90156,                0.87816,                0.32063,                0.41485,                0.29736,                    nan,                    nan,                    nan,             0.00069335,             0.00069335,             0.00069335
                    106,                 0.8165,                0.52037,                0.90105,                0.87748,                0.31002,                0.41613,                0.30545,                    nan,                    nan,                    nan,             0.00068628,             0.00068628,             0.00068628
                    107,                0.85483,                0.52562,                0.91375,                0.89929,                0.30216,                0.42078,                0.30976,                    nan,                    nan,                    nan,              0.0006792,              0.0006792,              0.0006792
                    108,                0.83829,                0.51885,                0.89784,                0.89189,                0.31406,                0.41688,                 0.3086,                    nan,                    nan,                    nan,             0.00067213,             0.00067213,             0.00067213
                    109,                0.76416,                0.50268,                0.87679,                0.86484,                0.30987,                0.41274,                0.29967,                    nan,                    nan,                    nan,             0.00066506,             0.00066506,             0.00066506
                    110,                0.81453,                0.52025,                0.89589,                0.91169,                0.29119,                0.41232,                0.29397,                    nan,                    nan,                    nan,             0.00065798,             0.00065798,             0.00065798
                    111,                0.80012,                0.50352,                  0.907,                0.83435,                0.30421,                0.34906,                0.24137,                    nan,                    nan,                    nan,             0.00065091,             0.00065091,             0.00065091
                    112,                0.77954,                0.49405,                0.90221,                0.81807,                0.30997,                0.40953,                0.29286,                    nan,                    nan,                    nan,             0.00064384,             0.00064384,             0.00064384
                    113,                0.80697,                0.49828,                0.89537,                 0.8719,                0.31615,                0.41752,                0.30084,                    nan,                    nan,                    nan,             0.00063676,             0.00063676,             0.00063676
                    114,                0.82401,                0.50726,                0.88781,                0.86897,                0.31652,                0.37936,                0.27541,                    nan,                    nan,                    nan,             0.00062969,             0.00062969,             0.00062969
                    115,                0.82058,                0.50018,                0.88995,                0.85981,                0.31736,                0.41795,                 0.3113,                    nan,                    nan,                    nan,             0.00062262,             0.00062262,             0.00062262
                    116,                0.76706,                  0.485,                0.88431,                0.90435,                0.32335,                0.44532,                0.32172,                    nan,                    nan,                    nan,             0.00061554,             0.00061554,             0.00061554
                    117,                0.76919,                0.49232,                0.89167,                0.85797,                0.32443,                 0.4297,                0.31543,                    nan,                    nan,                    nan,             0.00060847,             0.00060847,             0.00060847
                    118,                0.77368,                0.47396,                0.88547,                0.89359,                 0.3151,                0.41029,                0.29646,                    nan,                    nan,                    nan,             0.00060139,             0.00060139,             0.00060139
                    119,                0.80211,                0.50878,                0.90174,                0.87516,                0.31003,                0.42344,                0.31164,                    nan,                    nan,                    nan,             0.00059432,             0.00059432,             0.00059432
                    120,                0.77076,                0.49384,                0.88697,                0.90922,                0.31164,                0.42882,                0.31749,                    nan,                    nan,                    nan,             0.00058725,             0.00058725,             0.00058725
                    121,                0.77327,                   0.49,                0.89113,                 0.8739,                0.31334,                0.40083,                0.28898,                    nan,                    nan,                    nan,             0.00058017,             0.00058017,             0.00058017
                    122,                 0.7512,                0.48293,                0.89136,                0.85968,                0.32366,                0.44099,                0.32507,                    nan,                    nan,                    nan,              0.0005731,              0.0005731,              0.0005731
                    123,                0.76969,                0.49101,                0.88354,                 0.9122,                0.32279,                0.43522,                0.31502,                    nan,                    nan,                    nan,             0.00056603,             0.00056603,             0.00056603
                    124,                0.76972,                0.48648,                0.87643,                0.88846,                 0.3166,                0.43657,                0.31528,                    nan,                    nan,                    nan,             0.00055895,             0.00055895,             0.00055895
                    125,                0.76968,                0.50748,                0.89518,                 0.9257,                0.31829,                0.43914,                0.32048,                    nan,                    nan,                    nan,             0.00055188,             0.00055188,             0.00055188
                    126,                0.79166,                0.48878,                 0.8971,                0.86748,                0.31091,                0.42433,                0.30831,                    nan,                    nan,                    nan,             0.00054481,             0.00054481,             0.00054481
                    127,                0.78987,                0.50015,                0.89769,                 0.8903,                0.30932,                0.43053,                0.31312,                    nan,                    nan,                    nan,             0.00053773,             0.00053773,             0.00053773
                    128,                0.78127,                0.49426,                 0.8958,                0.87913,                0.31236,                0.43685,                0.32368,                    nan,                    nan,                    nan,             0.00053066,             0.00053066,             0.00053066
                    129,                0.75266,                 0.4775,                0.89858,                0.94542,                0.31194,                0.43234,                0.31426,                    nan,                    nan,                    nan,             0.00052359,             0.00052359,             0.00052359
                    130,                0.73242,                0.46783,                0.87692,                0.95073,                0.31669,                0.43655,                0.32299,                    nan,                    nan,                    nan,             0.00051651,             0.00051651,             0.00051651
                    131,                0.76769,                0.48332,                0.88108,                0.90259,                0.31196,                0.43755,                0.32176,                    nan,                    nan,                    nan,             0.00050944,             0.00050944,             0.00050944
                    132,                0.74646,                 0.4658,                0.88079,                0.92185,                0.31729,                0.43027,                0.31579,                    nan,                    nan,                    nan,             0.00050236,             0.00050236,             0.00050236
                    133,                 0.7726,                0.47439,                0.88641,                0.88099,                0.31291,                0.44727,                0.33065,                    nan,                    nan,                    nan,             0.00049529,             0.00049529,             0.00049529
                    134,                0.74043,                0.47354,                0.88814,                0.87471,                0.31791,                0.43822,                0.32514,                    nan,                    nan,                    nan,             0.00048822,             0.00048822,             0.00048822
                    135,                0.70778,                0.44327,                 0.8702,                0.90947,                0.31018,                0.44447,                0.32463,                    nan,                    nan,                    nan,             0.00048114,             0.00048114,             0.00048114
                    136,                0.73087,                0.46548,                0.88115,                0.91735,                0.32322,                0.44276,                0.32273,                    nan,                    nan,                    nan,             0.00047407,             0.00047407,             0.00047407
                    137,                0.75668,                0.49369,                0.88448,                 0.8788,                0.31203,                0.43828,                0.31066,                    nan,                    nan,                    nan,               0.000467,               0.000467,               0.000467
                    138,                0.73775,                0.46893,                0.87835,                0.88803,                0.31781,                0.45562,                0.33723,                    nan,                    nan,                    nan,             0.00045992,             0.00045992,             0.00045992
                    139,                0.71686,                 0.4684,                0.86711,                0.93077,                0.31186,                0.44159,                0.32712,                    nan,                    nan,                    nan,             0.00045285,             0.00045285,             0.00045285
                    140,                0.73267,                0.47183,                0.87398,                0.91021,                0.31765,                0.43745,                0.32112,                    nan,                    nan,                    nan,             0.00044578,             0.00044578,             0.00044578
                    141,                0.73421,                0.47208,                0.88019,                0.90273,                0.30801,                0.43422,                0.31896,                    nan,                    nan,                    nan,              0.0004387,              0.0004387,              0.0004387
                    142,                0.69764,                0.44514,                 0.8699,                0.89935,                0.31203,                0.43654,                0.31958,                    nan,                    nan,                    nan,             0.00043163,             0.00043163,             0.00043163
                    143,                0.71933,                0.45446,                 0.8776,                0.93041,                0.31598,                0.44963,                0.32838,                    nan,                    nan,                    nan,             0.00042456,             0.00042456,             0.00042456
                    144,                0.71791,                0.44782,                0.88333,                 0.9085,                0.30353,                0.45055,                0.33804,                    nan,                    nan,                    nan,             0.00041748,             0.00041748,             0.00041748
                    145,                0.72442,                0.45474,                0.88258,                0.86442,                0.32261,                0.44574,                0.32981,                    nan,                    nan,                    nan,             0.00041041,             0.00041041,             0.00041041
                    146,                 0.7014,                0.45912,                0.89002,                0.86489,                0.32062,                0.44909,                0.32561,                    nan,                    nan,                    nan,             0.00040334,             0.00040334,             0.00040334
                    147,                0.73826,                0.46546,                0.88147,                0.91115,                0.31774,                0.45169,                0.34126,                    nan,                    nan,                    nan,             0.00039626,             0.00039626,             0.00039626
                    148,                0.71716,                0.44693,                0.90109,                0.88818,                0.31234,                0.44866,                0.33456,                    nan,                    nan,                    nan,             0.00038919,             0.00038919,             0.00038919
                    149,                0.71087,                0.44167,                0.88399,                0.89487,                0.31361,                0.45057,                0.33557,                    nan,                    nan,                    nan,             0.00038211,             0.00038211,             0.00038211
                    150,                 0.7206,                0.45822,                0.87142,                0.88753,                0.31957,                0.45983,                0.34572,                    nan,                    nan,                    nan,             0.00037504,             0.00037504,             0.00037504
                    151,                0.68647,                0.43068,                0.87084,                0.84337,                0.32104,                0.46073,                0.34279,                    nan,                    nan,                    nan,             0.00036797,             0.00036797,             0.00036797
                    152,                0.69821,                0.44715,                0.87893,                  0.898,                0.32078,                0.45278,                0.33476,                    nan,                    nan,                    nan,             0.00036089,             0.00036089,             0.00036089
                    153,                0.72895,                0.44404,                0.87507,                0.87445,                0.32611,                0.45315,                0.33274,                    nan,                    nan,                    nan,             0.00035382,             0.00035382,             0.00035382
                    154,                0.79084,                0.46543,                0.90649,                0.85365,                0.32326,                 0.4481,                0.33054,                    nan,                    nan,                    nan,             0.00034675,             0.00034675,             0.00034675
                    155,                0.72876,                0.45341,                0.87571,                0.91287,                0.32045,                0.44831,                0.32662,                    nan,                    nan,                    nan,             0.00033967,             0.00033967,             0.00033967
                    156,                0.71583,                0.43991,                 0.8878,                0.90782,                0.32379,                0.45033,                0.33278,                    nan,                    nan,                    nan,              0.0003326,              0.0003326,              0.0003326
                    157,                0.69334,                0.42503,                0.86859,                0.88447,                0.32238,                0.45298,                0.33846,                    nan,                    nan,                    nan,             0.00032553,             0.00032553,             0.00032553
                    158,                0.73399,                0.45317,                0.86624,                0.93179,                0.32088,                0.44467,                0.33984,                    nan,                    nan,                    nan,             0.00031845,             0.00031845,             0.00031845
                    159,                0.70214,                0.43149,                0.88303,                0.90126,                0.31963,                0.45303,                0.33972,                    nan,                    nan,                    nan,             0.00031138,             0.00031138,             0.00031138
                    160,                0.67862,                0.42919,                0.87105,                0.89059,                0.32423,                0.45089,                0.33588,                    nan,                    nan,                    nan,             0.00030431,             0.00030431,             0.00030431
                    161,                0.68745,                0.42199,                  0.872,                0.91014,                0.31501,                0.44781,                0.33441,                    nan,                    nan,                    nan,             0.00029723,             0.00029723,             0.00029723
                    162,                0.70218,                0.43301,                0.86739,                0.87793,                 0.3215,                0.41303,                0.30938,                    nan,                    nan,                    nan,             0.00029016,             0.00029016,             0.00029016
                    163,                0.68714,                0.42953,                0.86521,                0.85497,                0.32086,                0.45474,                0.34383,                    nan,                    nan,                    nan,             0.00028308,             0.00028308,             0.00028308
                    164,                 0.6875,                0.43293,                0.88058,                0.86535,                 0.3192,                0.45822,                0.34226,                    nan,                    nan,                    nan,             0.00027601,             0.00027601,             0.00027601
                    165,                0.67197,                0.41164,                0.87818,                0.86948,                0.31961,                0.45966,                0.35332,                    nan,                    nan,                    nan,             0.00026894,             0.00026894,             0.00026894
                    166,                0.68268,                0.42808,                0.87685,                0.86988,                0.32335,                0.45857,                0.34317,                    nan,                    nan,                    nan,             0.00026186,             0.00026186,             0.00026186
                    167,                 0.7095,                0.42766,                0.86996,                0.87118,                 0.3166,                0.45116,                0.34054,                    nan,                    nan,                    nan,             0.00025479,             0.00025479,             0.00025479
                    168,                 0.7276,                0.43071,                0.87205,                0.88225,                0.31099,                0.45963,                 0.3433,                    nan,                    nan,                    nan,             0.00024772,             0.00024772,             0.00024772
                    169,                 0.7197,                0.43527,                0.89107,                0.88438,                0.31635,                0.45712,                0.34564,                    nan,                    nan,                    nan,             0.00024064,             0.00024064,             0.00024064
                    170,                0.68843,                0.42058,                0.86715,                0.90923,                0.31309,                0.45595,                0.33968,                    nan,                    nan,                    nan,             0.00023357,             0.00023357,             0.00023357
                    171,                0.69164,                0.42797,                0.87759,                0.87103,                0.32221,                0.46399,                0.35698,                    nan,                    nan,                    nan,              0.0002265,              0.0002265,              0.0002265
                    172,                0.69615,                0.43173,                0.87982,                0.88628,                0.32093,                0.46072,                0.35029,                    nan,                    nan,                    nan,             0.00021942,             0.00021942,             0.00021942
                    173,                0.68107,                0.43676,                 0.8742,                0.86713,                0.31555,                0.45647,                 0.3461,                    nan,                    nan,                    nan,             0.00021235,             0.00021235,             0.00021235
                    174,                0.67546,                0.42867,                0.87251,                0.84187,                0.31726,                0.44807,                0.34175,                    nan,                    nan,                    nan,             0.00020528,             0.00020528,             0.00020528
                    175,                0.67304,                0.40293,                0.86197,                0.87321,                0.32457,                0.46536,                0.34877,                    nan,                    nan,                    nan,              0.0001982,              0.0001982,              0.0001982
                    176,                0.67869,                0.42562,                0.87887,                0.93349,                0.31484,                 0.4583,                0.34526,                    nan,                    nan,                    nan,             0.00019113,             0.00019113,             0.00019113
                    177,                0.68927,                0.42561,                0.87104,                0.92219,                0.31611,                0.45455,                 0.3495,                    nan,                    nan,                    nan,             0.00018406,             0.00018406,             0.00018406
                    178,                0.64686,                 0.4028,                 0.8681,                0.90469,                0.32291,                0.46076,                 0.3404,                    nan,                    nan,                    nan,             0.00017698,             0.00017698,             0.00017698
                    179,                0.65389,                 0.4065,                0.85001,                0.90806,                0.31929,                0.46057,                0.35067,                    nan,                    nan,                    nan,             0.00016991,             0.00016991,             0.00016991
                    180,                 0.6597,                0.41128,                0.88244,                0.88437,                0.31716,                0.46323,                0.35099,                    nan,                    nan,                    nan,             0.00016283,             0.00016283,             0.00016283
                    181,                0.66132,                0.39961,                0.87313,                0.90511,                0.32607,                0.46215,                0.34838,                    nan,                    nan,                    nan,             0.00015576,             0.00015576,             0.00015576
                    182,                0.66364,                0.41557,                0.86246,                0.90154,                0.32326,                 0.4619,                0.35029,                    nan,                    nan,                    nan,             0.00014869,             0.00014869,             0.00014869
                    183,                0.67633,                0.41797,                0.87225,                0.88273,                  0.317,                0.45855,                0.34925,                    nan,                    nan,                    nan,             0.00014161,             0.00014161,             0.00014161
                    184,                0.66925,                0.40615,                0.89065,                0.85408,                0.32607,                0.46895,                0.35844,                    nan,                    nan,                    nan,             0.00013454,             0.00013454,             0.00013454
                    185,                0.65261,                0.40701,                0.87068,                0.85914,                 0.3279,                 0.4677,                0.35178,                    nan,                    nan,                    nan,             0.00012747,             0.00012747,             0.00012747
                    186,                0.68895,                0.41322,                0.87543,                0.89069,                 0.3226,                0.45652,                 0.3458,                    nan,                    nan,                    nan,             0.00012039,             0.00012039,             0.00012039
                    187,                0.67571,                0.41058,                0.86012,                0.90801,                0.32016,                0.45686,                0.34393,                    nan,                    nan,                    nan,             0.00011332,             0.00011332,             0.00011332
                    188,                0.70178,                0.43928,                0.88663,                 0.8813,                  0.323,                 0.4608,                0.34908,                    nan,                    nan,                    nan,             0.00010625,             0.00010625,             0.00010625
                    189,                0.67542,                0.41024,                0.87223,                0.89984,                0.32502,                0.46321,                0.34943,                    nan,                    nan,                    nan,             9.9173e-05,             9.9173e-05,             9.9173e-05
                    190,                0.67266,                0.39789,                0.87749,                0.88942,                0.32451,                0.46097,                0.34617,                    nan,                    nan,                    nan,             9.2099e-05,             9.2099e-05,             9.2099e-05
                    191,                0.71032,                0.41855,                0.81613,                 0.9129,                0.32816,                 0.4657,                0.34236,                    nan,                    nan,                    nan,             8.5026e-05,             8.5026e-05,             8.5026e-05
                    192,                0.64384,                0.36973,                0.81808,                0.90604,                0.31859,                 0.4507,                0.33246,                    nan,                    nan,                    nan,             7.7952e-05,             7.7952e-05,             7.7952e-05
                    193,                0.66271,                0.37738,                0.83608,                0.87199,                0.32045,                0.46689,                0.35567,                    nan,                    nan,                    nan,             7.0878e-05,             7.0878e-05,             7.0878e-05
                    194,                0.67214,                 0.3906,                 0.8383,                0.87927,                0.31941,                0.46355,                0.35442,                    nan,                    nan,                    nan,             6.3805e-05,             6.3805e-05,             6.3805e-05
                    195,                0.62968,                0.35864,                0.81795,                0.87923,                0.31956,                0.45851,                0.34676,                    nan,                    nan,                    nan,             5.6731e-05,             5.6731e-05,             5.6731e-05
                    196,                0.63338,                0.35357,                 0.8294,                0.88321,                0.31941,                0.45753,                0.34764,                    nan,                    nan,                    nan,             4.9658e-05,             4.9658e-05,             4.9658e-05
                    197,                 0.6091,                0.35794,                 0.8223,                0.88224,                0.31853,                0.45423,                0.34484,                    nan,                    nan,                    nan,             4.2584e-05,             4.2584e-05,             4.2584e-05
                    198,                0.61627,                0.35459,                0.82138,                0.88185,                0.32238,                0.45849,                0.34593,                    nan,                    nan,                    nan,             3.5511e-05,             3.5511e-05,             3.5511e-05
                    199,                0.60131,                0.34082,                0.80162,                0.89838,                0.32509,                0.46125,                0.34937,                    nan,                    nan,                    nan,             2.8437e-05,             2.8437e-05,             2.8437e-05
                    200,                0.62627,                0.35404,                0.82809,                0.89937,                0.32501,                0.46318,                0.35031,                    nan,                    nan,                    nan,             2.1364e-05,             2.1364e-05,             2.1364e-05
